year,month,total_revenue,order_volume
2023,01,8982.10107603,31
2023,02,6670.68013669,28
2023,03,6578.10758199,31
2023,04,8186.35240052,30
2023,05,8671.6399441,31
2023,06,7307.3523798,30
2023,07,7427.8603330900005,31
2023,08,7643.01943681,31
2023,09,7731.61168181,30
2023,10,8882.62261948,31
2023,11,5873.7107641,30
2023,12,7625.62306993,31
